{"cameraMode":{"drawMode":0,"name":"Shaded","section":"Shading Mode"},"sceneLighting":true,"audioPlay":false,"sceneViewState":{"m_AlwaysRefresh":true,"showFog":true,"showSkybox":true,"showFlares":true,"showImageEffects":true,"showParticleSystems":true,"showVisualEffectGraphs":true,"m_FxEnabled":true},"in2DMode":false,"pivot":{"x":2.539773464202881,"y":29.677907943725587,"z":13.389164924621582},"rotation":{"x":-0.5388441681861877,"y":0.03787735104560852,"z":-0.02426362968981266,"w":-0.8412104845046997},"size":0.8660253882408142,"orthographic":false}