{"cameraMode":{"drawMode":0,"name":"Shaded","section":"Shading Mode"},"sceneLighting":true,"audioPlay":false,"sceneViewState":{"m_AlwaysRefresh":true,"showFog":true,"showSkybox":true,"showFlares":true,"showImageEffects":true,"showParticleSystems":true,"showVisualEffectGraphs":true,"m_FxEnabled":true},"in2DMode":false,"pivot":{"x":-1.2386835813522339,"y":24.905967712402345,"z":10.115991592407227},"rotation":{"x":-0.39788350462913515,"y":-0.0041321939788758759,"z":0.0017888188594952226,"w":-0.9174341559410095},"size":0.8660253882408142,"orthographic":false}