{"cameraMode":{"drawMode":0,"name":"Shaded","section":"Shading Mode"},"sceneLighting":false,"audioPlay":false,"sceneViewState":{"m_AlwaysRefresh":true,"showFog":true,"showSkybox":false,"showFlares":true,"showImageEffects":true,"showParticleSystems":true,"showVisualEffectGraphs":true,"m_FxEnabled":true},"in2DMode":false,"pivot":{"x":34.62685012817383,"y":2.4200353622436525,"z":38.62565994262695},"rotation":{"x":-0.04967436194419861,"y":0.9501169323921204,"z":-0.20729243755340577,"w":-0.22768057882785798},"size":0.8660253882408142,"orthographic":false}