{"cameraMode":{"drawMode":0,"name":"Shaded","section":"Shading Mode"},"sceneLighting":false,"audioPlay":false,"sceneViewState":{"m_AlwaysRefresh":true,"showFog":true,"showSkybox":false,"showFlares":true,"showImageEffects":true,"showParticleSystems":true,"showVisualEffectGraphs":true,"m_FxEnabled":true},"in2DMode":false,"pivot":{"x":-30.969266891479493,"y":-1.5295705795288087,"z":38.761817932128909},"rotation":{"x":-0.4108009338378906,"y":-0.12733007967472077,"z":0.058063656091690066,"w":-0.9009357690811157},"size":10.897248268127442,"orthographic":false}