{"cameraMode":{"drawMode":0,"name":"Shaded","section":"Shading Mode"},"sceneLighting":false,"audioPlay":false,"sceneViewState":{"m_AlwaysRefresh":true,"showFog":true,"showSkybox":false,"showFlares":true,"showImageEffects":true,"showParticleSystems":true,"showVisualEffectGraphs":true,"m_FxEnabled":true},"in2DMode":false,"pivot":{"x":34.45278549194336,"y":2.1540350914001467,"z":37.89653015136719},"rotation":{"x":-0.054712116718292239,"y":0.9451407790184021,"z":-0.23611536622047425,"w":-0.2190057933330536},"size":0.8660253882408142,"orthographic":false}